{
  "mode": "absolute",
  "baseline": null,
  "metrics": {
    "measuredAt": "2026-02-25T16:10:04.769Z",
    "p95Ms": 0.001583000000000112,
    "averageMs": 0.0008258350000000014,
    "totalMs200": 0.16516700000000029,
    "totalMs1000": 1.0488750000000024
  },
  "passed": true,
  "reasons": []
}
